,the,of,and,to,in,a,our,that,we,be,is,it,for,by,which,have,with,as,will,not,this,i,all,are,their,but,has,its,from,government,people,or,on,my,been,us,no,they,can,so,an,upon,who,must,at,great,may,states,those,should,them,more,shall,world,every,country,nation,these,if,any,was,other,peace,there,one,own,new,only,than,power,do,public,now,nations,such,time,when,his,would,constitution,united,you,under,me,free,freedom,union,america,most,what,war,american,national,made,citizens,let,were,good,make,years,men,rights,justice,without,spirit,life,laws,had,congress,never,into,before,law,just,your,each,well,best,right,liberty,duty,work,cannot,because,hope,interests,against,he,through,some,among,state,many,both,political,foreign,much,know,today,powers,long,first,between,policy,executive,part,principles,out,history,within,human,future,progress,president,duties,whole,same,administration,too,common,system,over,fellowcitizens,support,nor,confidence,man,faith,god,while,purpose,present,less,day,then,necessary,service,party,way,still,yet,far,here,force,ever,together,ourselves,others,equal,high,always,better,believe,old,general,office,strength,institutions,come,interest
adams john,163,140,130,72,47,51,6,22,3,31,14,34,21,30,20,7,16,14,2,15,18,13.0,18,5,15,10,7,17,13,16.0,20,22.0,10,14,8,2.0,6.0,2.0,8,7,18,5.0,6.0,2.0,6.0,5.0,13.0,9.0,2.0,4.0,6.0,10.0,4.0,3.0,5.0,9.0,9.0,2,25.0,7.0,8.0,2.0,5.0,1.0,0.0,4.0,1.0,8.0,7.0,5.0,1.0,6.0,0.0,11,6.0,1.0,4.0,8.0,2.0,8.0,3.0,0.0,6.0,5.0,2.0,0.0,2.0,5.0,5.0,3.0,1.0,3.0,4.0,0.0,2.0,0.0,5.0,6.0,1.0,3.0,4.0,1.0,6.0,3.0,6.0,2.0,2.0,7.0,6.0,1.0,2.0,2.0,0.0,1.0,1.0,0.0,3.0,1.0,1.0,3.0,2.0,0.0,1.0,0.0,1.0,0.0,1.0,2.0,1.0,4.0,4.0,3.0,1.0,3.0,1.0,8.0,1.0,0.0,0.0,1.0,3.0,3.0,2.0,0.0,2.0,0.0,2.0,0.0,1.0,0.0,2.0,1.0,0.0,0.0,1.0,3.0,3.0,3.0,0.0,2.0,3.0,4.0,3.0,4.0,2.0,1.0,0.0,3.0,0.0,1.0,0.0,2.0,1.0,1.0,3.0,3.0,2.0,4.0,0.0,1.0,0.0,1.0,0.0,0.0,6.0,0.0,2.0,0.0,2.0,1.0,0.0,2.0,0.0,0.0,4.0,0.0,0.0,1.0,0.0,4.0
cleveland,329,236,205,136,67,51,72,37,23,43,32,26,26,37,36,19,24,19,16,10,23,23.0,21,10,42,10,7,15,20,29.0,35,14.0,3,15,4,14.0,8.0,10.0,9,3,9,11.0,17.0,4.0,6.0,3.0,8.0,5.0,15.0,24.0,10.0,4.0,14.0,1.0,14.0,4.0,2.0,4,10.0,4.0,2.0,1.0,2.0,3.0,3.0,0.0,1.0,4.0,4.0,8.0,3.0,19.0,3.0,3,3.0,4.0,8.0,6.0,1.0,10.0,4.0,1.0,5.0,6.0,5.0,0.0,0.0,0.0,4.0,0.0,0.0,12.0,10.0,3.0,6.0,2.0,1.0,5.0,3.0,0.0,4.0,3.0,3.0,1.0,4.0,7.0,8.0,1.0,0.0,1.0,0.0,3.0,2.0,3.0,2.0,1.0,3.0,5.0,6.0,1.0,5.0,3.0,2.0,2.0,2.0,12.0,4.0,3.0,4.0,0.0,4.0,2.0,0.0,0.0,6.0,3.0,2.0,2.0,2.0,2.0,1.0,0.0,1.0,6.0,4.0,0.0,2.0,2.0,2.0,3.0,2.0,1.0,0.0,0.0,3.0,1.0,3.0,2.0,1.0,1.0,2.0,1.0,4.0,7.0,2.0,6.0,2.0,4.0,3.0,4.0,1.0,2.0,3.0,1.0,0.0,2.0,8.0,4.0,1.0,3.0,0.0,2.0,2.0,0.0,1.0,0.0,0.0,0.0,1.0,1.0,1.0,2.0,0.0,0.0,3.0,3.0,4.0,5.0,0.0,1.0
buchanan,238,139,97,104,61,57,35,27,16,28,33,32,28,22,24,22,14,31,13,9,39,16.0,15,5,15,10,26,11,17,13.0,13,12.0,12,7,17,0.0,11.0,4.0,6,3,6,3.0,1.0,2.0,8.0,11.0,15.0,22.0,2.0,9.0,9.0,7.0,18.0,3.0,5.0,9.0,6.0,8,2.0,13.0,5.0,6.0,5.0,2.0,3.0,7.0,1.0,7.0,9.0,7.0,2.0,9.0,7.0,5,9.0,6.0,9.0,4.0,5.0,17.0,8.0,2.0,8.0,2.0,9.0,0.0,9.0,1.0,3.0,1.0,6.0,2.0,1.0,0.0,4.0,2.0,2.0,2.0,1.0,2.0,2.0,1.0,3.0,4.0,4.0,0.0,3.0,0.0,9.0,6.0,6.0,3.0,1.0,2.0,0.0,3.0,4.0,5.0,2.0,3.0,3.0,1.0,0.0,5.0,1.0,2.0,5.0,0.0,2.0,2.0,2.0,5.0,3.0,2.0,5.0,3.0,4.0,0.0,0.0,4.0,2.0,0.0,0.0,2.0,0.0,1.0,1.0,0.0,4.0,0.0,2.0,1.0,4.0,1.0,2.0,4.0,0.0,3.0,1.0,2.0,1.0,1.0,3.0,2.0,3.0,1.0,3.0,0.0,1.0,0.0,1.0,4.0,2.0,1.0,3.0,6.0,1.0,0.0,2.0,2.0,4.0,1.0,0.0,0.0,8.0,1.0,0.0,1.0,1.0,1.0,0.0,0.0,1.0,0.0,0.0,2.0,0.0,2.0,0.0,0.0
kennedy,85,66,35,37,23,28,21,20,30,7,7,7,15,7,7,4,5,6,7,16,12,3.0,9,8,2,12,3,6,7,0.0,1,7.0,3,3,4,12.0,0.0,1.0,9,2,2,0.0,6.0,1.0,3.0,1.0,3.0,2.0,7.0,0.0,5.0,4.0,5.0,8.0,2.0,4.0,2.0,1,2.0,8.0,1.0,4.0,4.0,2.0,3.0,3.0,7.0,3.0,1.0,5.0,7.0,0.0,2.0,5,0.0,2.0,1.0,3.0,2.0,0.0,2.0,6.0,1.0,0.0,5.0,2.0,0.0,2.0,0.0,5.0,4.0,0.0,1.0,0.0,5.0,16.0,0.0,3.0,1.0,0.0,1.0,2.0,1.0,0.0,0.0,3.0,0.0,0.0,0.0,3.0,1.0,2.0,1.0,1.0,3.0,1.0,3.0,2.0,1.0,1.0,0.0,1.0,4.0,3.0,4.0,0.0,2.0,0.0,0.0,0.0,0.0,1.0,1.0,9.0,0.0,0.0,1.0,3.0,3.0,2.0,2.0,4.0,0.0,0.0,0.0,0.0,0.0,2.0,2.0,0.0,3.0,0.0,0.0,4.0,0.0,0.0,3.0,1.0,0.0,1.0,0.0,0.0,0.0,1.0,3.0,0.0,4.0,1.0,2.0,0.0,0.0,1.0,0.0,0.0,0.0,0.0,1.0,1.0,0.0,1.0,2.0,2.0,2.0,0.0,0.0,2.0,0.0,0.0,0.0,1.0,4.0,0.0,1.0,1.0,0.0,0.0,1.0,0.0,1.0,0.0
truman,138,97,98,80,57,39,32,37,59,15,26,8,30,18,12,22,18,13,22,7,14,10.0,24,30,23,6,6,6,8,1.0,12,0.0,13,1,1,5.0,4.0,7.0,16,3,2,2.0,8.0,9.0,2.0,3.0,1.0,5.0,4.0,4.0,3.0,10.0,5.0,22.0,3.0,3.0,2.0,9,3.0,3.0,0.0,7.0,13.0,0.0,1.0,5.0,8.0,6.0,1.0,1.0,2.0,0.0,6.0,22,4.0,4.0,0.0,2.0,3.0,0.0,10.0,1.0,3.0,1.0,11.0,12.0,0.0,0.0,2.0,7.0,1.0,4.0,3.0,1.0,1.0,0.0,0.0,2.0,2.0,1.0,6.0,2.0,6.0,2.0,0.0,5.0,0.0,1.0,0.0,2.0,3.0,1.0,1.0,2.0,2.0,1.0,1.0,0.0,5.0,4.0,1.0,4.0,0.0,2.0,3.0,0.0,3.0,5.0,3.0,0.0,2.0,2.0,1.0,1.0,0.0,1.0,0.0,1.0,2.0,0.0,2.0,4.0,1.0,0.0,0.0,0.0,3.0,3.0,5.0,1.0,5.0,2.0,2.0,1.0,1.0,0.0,0.0,1.0,0.0,2.0,0.0,1.0,0.0,2.0,0.0,0.0,3.0,4.0,2.0,0.0,2.0,0.0,0.0,0.0,0.0,0.0,0.0,0.0,0.0,0.0,0.0,0.0,0.0,2.0,0.0,3.0,1.0,1.0,3.0,0.0,0.0,2.0,8.0,1.0,0.0,1.0,2.0,0.0,1.0,1.0
garfield,316,181,119,80,49,35,35,34,10,31,37,35,32,27,27,22,19,10,21,18,19,10.0,19,13,18,17,20,21,10,20.0,21,8.0,7,8,14,6.0,12.0,9.0,10,7,6,13.0,5.0,0.0,9.0,11.0,7.0,14.0,5.0,14.0,9.0,7.0,8.0,2.0,4.0,2.0,9.0,3,6.0,9.0,7.0,2.0,2.0,4.0,4.0,4.0,5.0,5.0,8.0,9.0,1.0,2.0,9.0,4,3.0,4.0,2.0,0.0,0.0,15.0,7.0,2.0,6.0,1.0,3.0,7.0,11.0,1.0,2.0,0.0,5.0,1.0,7.0,9.0,3.0,3.0,3.0,4.0,3.0,4.0,1.0,5.0,1.0,3.0,0.0,1.0,5.0,2.0,9.0,3.0,0.0,2.0,10.0,0.0,0.0,2.0,1.0,3.0,1.0,5.0,5.0,1.0,3.0,0.0,2.0,3.0,5.0,0.0,2.0,0.0,1.0,1.0,2.0,4.0,2.0,0.0,2.0,0.0,1.0,2.0,3.0,2.0,2.0,1.0,3.0,1.0,0.0,1.0,2.0,4.0,0.0,2.0,1.0,0.0,1.0,0.0,0.0,7.0,1.0,1.0,2.0,1.0,2.0,2.0,4.0,0.0,1.0,1.0,3.0,1.0,1.0,2.0,1.0,0.0,2.0,2.0,5.0,0.0,0.0,2.0,2.0,4.0,1.0,1.0,0.0,0.0,1.0,0.0,5.0,4.0,1.0,1.0,3.0,0.0,2.0,0.0,1.0,2.0,0.0,2.0
trump,71,48,76,37,14,15,48,10,46,13,20,9,13,6,4,5,8,4,43,10,11,3.0,14,13,11,13,6,5,11,3.0,9,4.0,6,1,4,2.0,6.0,5.0,1,3,3,0.0,1.0,3.0,5.0,6.0,0.0,2.0,0.0,1.0,0.0,0.0,0.0,6.0,7.0,9.0,6.0,3,0.0,0.0,1.0,5.0,0.0,3.0,8.0,2.0,6.0,3.0,0.0,4.0,3.0,1.0,6.0,5,0.0,2.0,3.0,0.0,0.0,0.0,3.0,13.0,0.0,0.0,1.0,0.0,0.0,19.0,1.0,1.0,0.0,11.0,2.0,2.0,4.0,2.0,1.0,3.0,5.0,2.0,2.0,0.0,1.0,0.0,1.0,2.0,0.0,0.0,0.0,6.0,1.0,2.0,1.0,1.0,11.0,1.0,0.0,0.0,5.0,0.0,0.0,1.0,1.0,2.0,0.0,1.0,1.0,0.0,1.0,0.0,0.0,0.0,5.0,0.0,0.0,3.0,1.0,0.0,4.0,0.0,2.0,4.0,0.0,0.0,0.0,1.0,0.0,1.0,0.0,0.0,0.0,1.0,0.0,5.0,0.0,0.0,6.0,1.0,3.0,0.0,1.0,2.0,0.0,0.0,0.0,1.0,0.0,0.0,4.0,6.0,0.0,0.0,0.0,4.0,1.0,0.0,0.0,2.0,2.0,0.0,0.0,1.0,4.0,0.0,1.0,4.0,0.0,0.0,0.0,0.0,2.0,0.0,0.0,2.0,0.0,1.0,2.0,0.0,1.0,0.0
grant,187,119,76,106,53,40,19,30,7,44,26,30,21,13,12,15,19,25,26,13,24,44.0,23,11,11,10,4,6,10,7.0,9,14.0,6,29,9,7.0,6.0,5.0,5,7,2,8.0,4.0,3.0,5.0,7.0,7.0,6.0,2.0,16.0,10.0,3.0,4.0,3.0,7.0,15.0,6.0,4,4.0,8.0,8.0,2.0,1.0,2.0,8.0,4.0,1.0,4.0,7.0,3.0,5.0,6.0,11.0,5,5.0,2.0,8.0,5.0,5.0,2.0,3.0,0.0,6.0,9.0,2.0,0.0,4.0,0.0,0.0,3.0,4.0,0.0,4.0,6.0,2.0,2.0,2.0,6.0,2.0,6.0,1.0,3.0,0.0,8.0,1.0,0.0,6.0,5.0,2.0,2.0,3.0,6.0,2.0,1.0,3.0,1.0,2.0,11.0,0.0,0.0,1.0,0.0,1.0,0.0,1.0,1.0,2.0,3.0,1.0,0.0,1.0,2.0,2.0,0.0,3.0,2.0,0.0,1.0,1.0,0.0,2.0,3.0,2.0,2.0,4.0,3.0,0.0,2.0,1.0,2.0,0.0,4.0,2.0,1.0,1.0,1.0,3.0,1.0,0.0,3.0,0.0,1.0,1.0,4.0,1.0,0.0,2.0,2.0,1.0,1.0,0.0,3.0,3.0,3.0,3.0,3.0,1.0,0.0,0.0,0.0,1.0,5.0,1.0,1.0,2.0,1.0,0.0,2.0,1.0,0.0,1.0,1.0,2.0,1.0,3.0,9.0,1.0,0.0,2.0,4.0
harrison,1188,843,421,451,252,194,140,195,44,151,133,143,87,139,125,92,80,98,67,95,48,63.0,58,57,117,63,58,59,65,46.0,66,84.0,17,32,59,17.0,49.0,40.0,26,45,45,55.0,34.0,15.0,39.0,33.0,46.0,45.0,41.0,40.0,43.0,30.0,28.0,2.0,18.0,28.0,15.0,20,34.0,56.0,46.0,35.0,6.0,34.0,27.0,21.0,8.0,33.0,29.0,53.0,10.0,28.0,10.0,2,24.0,11.0,13.0,35.0,31.0,47.0,10.0,6.0,22.0,18.0,18.0,8.0,15.0,0.0,18.0,6.0,6.0,13.0,6.0,16.0,19.0,3.0,17.0,10.0,10.0,8.0,13.0,19.0,9.0,16.0,23.0,3.0,22.0,17.0,18.0,13.0,11.0,4.0,9.0,9.0,2.0,14.0,18.0,9.0,8.0,18.0,19.0,2.0,5.0,4.0,6.0,11.0,5.0,17.0,2.0,18.0,7.0,22.0,13.0,4.0,11.0,7.0,11.0,1.0,1.0,20.0,8.0,9.0,11.0,10.0,30.0,15.0,11.0,4.0,3.0,6.0,2.0,4.0,4.0,15.0,10.0,13.0,13.0,8.0,6.0,4.0,8.0,7.0,12.0,5.0,6.0,7.0,6.0,3.0,1.0,1.0,3.0,4.0,7.0,4.0,9.0,14.0,6.0,12.0,1.0,4.0,8.0,8.0,4.0,1.0,4.0,0.0,1.0,12.0,4.0,7.0,4.0,8.0,4.0,1.0,12.0,10.0,2.0,11.0,4.0,11.0
roosevelt theodore,65,45,38,28,23,20,22,12,32,9,11,8,4,7,16,15,6,11,5,8,6,0.0,5,10,3,11,6,4,5,1.0,6,0.0,1,1,3,12.0,7.0,3.0,2,3,3,1.0,5.0,6.0,0.0,5.0,0.0,0.0,0.0,6.0,2.0,2.0,2.0,3.0,3.0,0.0,5.0,3,3.0,1.0,1.0,4.0,3.0,2.0,1.0,3.0,2.0,2.0,1.0,4.0,1.0,0.0,2.0,2,4.0,0.0,1.0,0.0,1.0,0.0,0.0,0.0,3.0,0.0,2.0,0.0,0.0,0.0,1.0,0.0,0.0,0.0,2.0,2.0,0.0,0.0,0.0,3.0,0.0,0.0,4.0,1.0,2.0,1.0,3.0,6.0,0.0,2.0,0.0,1.0,1.0,5.0,0.0,1.0,0.0,0.0,1.0,1.0,1.0,0.0,1.0,1.0,0.0,2.0,0.0,0.0,1.0,0.0,1.0,0.0,1.0,0.0,0.0,2.0,1.0,0.0,3.0,2.0,1.0,1.0,0.0,0.0,0.0,0.0,0.0,0.0,0.0,1.0,0.0,0.0,0.0,2.0,0.0,0.0,2.0,0.0,0.0,0.0,0.0,0.0,0.0,0.0,0.0,0.0,1.0,1.0,0.0,1.0,0.0,1.0,1.0,0.0,1.0,0.0,0.0,0.0,0.0,0.0,0.0,1.0,4.0,0.0,0.0,0.0,4.0,0.0,5.0,2.0,0.0,2.0,0.0,0.0,1.0,1.0,0.0,0.0,1.0,0.0,0.0,0.0
obama,236,151,200,136,46,84,143,104,130,22,61,31,51,19,4,25,26,23,39,39,37,7.0,21,43,14,33,18,12,15,7.0,18,24.0,24,5,10,44.0,13.0,26.0,20,16,10,5.0,21.0,25.0,9.0,4.0,7.0,3.0,22.0,0.0,4.0,12.0,3.0,9.0,15.0,8.0,18.0,18,2.0,2.0,6.0,4.0,7.0,4.0,8.0,1.0,17.0,8.0,14.0,6.0,15.0,0.0,11.0,5,0.0,16.0,14.0,2.0,3.0,1.0,4.0,21.0,1.0,0.0,5.0,9.0,1.0,14.0,6.0,16.0,5.0,8.0,1.0,3.0,7.0,9.0,4.0,2.0,9.0,6.0,7.0,3.0,2.0,3.0,6.0,6.0,0.0,1.0,1.0,4.0,4.0,5.0,3.0,8.0,3.0,7.0,7.0,0.0,1.0,7.0,2.0,10.0,12.0,13.0,5.0,2.0,2.0,2.0,10.0,3.0,1.0,1.0,4.0,0.0,1.0,0.0,2.0,8.0,11.0,0.0,7.0,0.0,4.0,0.0,0.0,2.0,4.0,3.0,5.0,0.0,1.0,7.0,2.0,3.0,2.0,0.0,3.0,0.0,7.0,9.0,1.0,3.0,0.0,1.0,6.0,2.0,3.0,3.0,8.0,3.0,4.0,0.0,7.0,5.0,3.0,0.0,3.0,1.0,4.0,8.0,2.0,2.0,3.0,3.0,1.0,8.0,5.0,1.0,7.0,1.0,3.0,3.0,6.0,3.0,0.0,1.0,3.0,1.0,4.0,1.0
roosevelt franklin,370,321,178,159,117,116,90,102,129,41,66,72,46,38,28,57,28,33,37,39,42,40.0,30,32,25,24,26,18,19,22.0,24,10.0,27,11,16,20.0,16.0,27.0,22,13,18,13.0,15.0,16.0,13.0,10.0,12.0,9.0,13.0,1.0,6.0,13.0,20.0,12.0,11.0,5.0,26.0,12,13.0,1.0,10.0,9.0,10.0,14.0,8.0,5.0,11.0,10.0,5.0,10.0,10.0,5.0,7.0,7,8.0,9.0,7.0,5.0,7.0,5.0,10.0,6.0,7.0,7.0,4.0,7.0,0.0,8.0,7.0,5.0,5.0,6.0,12.0,4.0,2.0,3.0,9.0,11.0,6.0,11.0,17.0,2.0,2.0,8.0,13.0,14.0,0.0,4.0,4.0,5.0,9.0,4.0,0.0,2.0,0.0,6.0,3.0,1.0,0.0,2.0,5.0,8.0,6.0,13.0,3.0,0.0,3.0,5.0,11.0,1.0,5.0,1.0,8.0,0.0,4.0,2.0,2.0,16.0,10.0,3.0,1.0,9.0,0.0,3.0,2.0,4.0,0.0,10.0,3.0,7.0,9.0,3.0,10.0,4.0,0.0,3.0,3.0,0.0,2.0,6.0,2.0,4.0,0.0,3.0,2.0,4.0,1.0,5.0,4.0,2.0,8.0,5.0,2.0,9.0,5.0,1.0,2.0,0.0,10.0,7.0,3.0,4.0,7.0,2.0,0.0,5.0,6.0,0.0,0.0,3.0,5.0,6.0,2.0,10.0,1.0,3.0,0.0,1.0,6.0,1.0
carter,52,32,45,43,22,28,35,18,43,18,15,7,24,1,9,8,5,4,7,9,8,6.0,7,8,3,12,4,2,2,4.0,6,2.0,9,8,1,8.0,5.0,1.0,13,3,5,1.0,0.0,8.0,3.0,2.0,1.0,1.0,7.0,0.0,0.0,4.0,0.0,5.0,0.0,0.0,10.0,1,2.0,1.0,3.0,2.0,1.0,3.0,2.0,6.0,9.0,2.0,2.0,0.0,4.0,0.0,3.0,4,0.0,2.0,3.0,0.0,2.0,0.0,2.0,5.0,1.0,3.0,1.0,4.0,0.0,2.0,1.0,3.0,1.0,3.0,2.0,0.0,0.0,4.0,0.0,2.0,0.0,1.0,0.0,3.0,1.0,0.0,6.0,2.0,1.0,8.0,0.0,2.0,0.0,2.0,2.0,5.0,3.0,1.0,0.0,3.0,1.0,2.0,0.0,2.0,3.0,1.0,2.0,1.0,2.0,2.0,0.0,0.0,2.0,0.0,0.0,2.0,0.0,1.0,1.0,3.0,1.0,0.0,1.0,2.0,0.0,0.0,0.0,0.0,2.0,0.0,0.0,2.0,5.0,2.0,0.0,3.0,1.0,0.0,1.0,0.0,0.0,1.0,1.0,0.0,0.0,0.0,3.0,1.0,1.0,2.0,1.0,0.0,0.0,0.0,0.0,1.0,0.0,1.0,0.0,0.0,1.0,3.0,0.0,0.0,3.0,0.0,1.0,7.0,1.0,2.0,1.0,2.0,0.0,2.0,1.0,1.0,0.0,1.0,7.0,0.0,0.0,0.0
taylor,99,62,52,61,20,8,15,11,3,16,6,8,6,17,12,3,10,7,4,4,3,18.0,7,4,4,5,3,6,2,7.0,3,1.0,3,11,1,4.0,2.0,0.0,1,5,3,2.0,4.0,0.0,1.0,2.0,4.0,1.0,4.0,1.0,1.0,0.0,15.0,0.0,1.0,6.0,0.0,4,0.0,2.0,1.0,3.0,0.0,0.0,0.0,5.0,1.0,0.0,1.0,1.0,1.0,3.0,2.0,2,4.0,1.0,1.0,3.0,1.0,4.0,1.0,1.0,2.0,4.0,0.0,0.0,2.0,0.0,3.0,0.0,0.0,2.0,1.0,1.0,1.0,2.0,0.0,0.0,2.0,0.0,0.0,1.0,0.0,1.0,1.0,0.0,2.0,1.0,4.0,0.0,0.0,1.0,0.0,2.0,0.0,0.0,0.0,2.0,1.0,1.0,1.0,0.0,1.0,0.0,1.0,4.0,0.0,1.0,0.0,0.0,1.0,2.0,1.0,0.0,1.0,2.0,1.0,0.0,0.0,2.0,0.0,0.0,1.0,2.0,2.0,1.0,2.0,0.0,1.0,0.0,0.0,0.0,0.0,2.0,5.0,1.0,2.0,1.0,1.0,1.0,0.0,0.0,1.0,1.0,0.0,2.0,0.0,0.0,0.0,1.0,1.0,1.0,1.0,3.0,0.0,2.0,1.0,0.0,0.0,0.0,0.0,1.0,1.0,0.0,0.0,0.0,0.0,0.0,0.0,2.0,1.0,0.0,1.0,0.0,0.0,3.0,2.0,1.0,0.0,2.0
johnson,74,57,71,35,37,32,32,34,34,13,32,22,18,2,2,18,4,5,18,16,19,15.0,11,9,3,12,5,2,4,0.0,9,4.0,9,3,1,12.0,4.0,7.0,5,2,2,2.0,9.0,10.0,0.0,5.0,1.0,0.0,3.0,1.0,0.0,6.0,1.0,8.0,6.0,0.0,10.0,1,5.0,2.0,7.0,0.0,0.0,4.0,5.0,7.0,5.0,3.0,3.0,0.0,2.0,1.0,5.0,2,0.0,4.0,1.0,9.0,2.0,0.0,0.0,4.0,1.0,2.0,1.0,2.0,8.0,3.0,1.0,7.0,1.0,6.0,0.0,5.0,1.0,2.0,1.0,0.0,0.0,3.0,2.0,1.0,6.0,5.0,1.0,1.0,0.0,2.0,0.0,1.0,1.0,4.0,0.0,1.0,1.0,5.0,0.0,2.0,0.0,6.0,0.0,3.0,0.0,4.0,2.0,0.0,2.0,1.0,0.0,2.0,3.0,0.0,0.0,0.0,0.0,1.0,1.0,2.0,2.0,0.0,1.0,1.0,0.0,0.0,0.0,1.0,0.0,2.0,1.0,1.0,0.0,1.0,1.0,0.0,0.0,0.0,1.0,0.0,0.0,1.0,0.0,4.0,0.0,0.0,0.0,0.0,9.0,4.0,3.0,0.0,3.0,0.0,0.0,4.0,2.0,0.0,0.0,0.0,4.0,1.0,0.0,0.0,2.0,0.0,0.0,2.0,3.0,2.0,0.0,0.0,3.0,0.0,4.0,7.0,0.0,0.0,2.0,0.0,1.0,1.0
pierce,230,168,130,107,60,61,34,46,14,57,24,34,33,20,41,20,30,33,26,31,14,24.0,12,20,29,26,18,13,13,10.0,6,17.0,5,27,10,9.0,22.0,17.0,11,15,13,24.0,1.0,9.0,12.0,8.0,8.0,8.0,4.0,11.0,12.0,3.0,9.0,3.0,9.0,6.0,6.0,7,6.0,10.0,9.0,5.0,3.0,3.0,5.0,7.0,1.0,11.0,8.0,11.0,2.0,6.0,3.0,6,4.0,5.0,3.0,6.0,3.0,5.0,2.0,8.0,8.0,8.0,1.0,3.0,5.0,0.0,5.0,6.0,0.0,2.0,6.0,3.0,2.0,4.0,8.0,5.0,1.0,1.0,1.0,8.0,1.0,3.0,4.0,0.0,4.0,5.0,0.0,4.0,2.0,2.0,1.0,3.0,15.0,1.0,2.0,4.0,7.0,2.0,2.0,0.0,3.0,1.0,4.0,3.0,1.0,5.0,2.0,0.0,0.0,3.0,2.0,5.0,1.0,3.0,3.0,1.0,0.0,2.0,1.0,0.0,2.0,2.0,0.0,1.0,1.0,2.0,3.0,6.0,3.0,7.0,0.0,0.0,3.0,1.0,0.0,6.0,1.0,2.0,1.0,3.0,0.0,1.0,1.0,4.0,1.0,2.0,1.0,1.0,1.0,4.0,2.0,2.0,1.0,1.0,2.0,1.0,1.0,1.0,1.0,3.0,2.0,1.0,2.0,0.0,0.0,2.0,3.0,1.0,4.0,1.0,3.0,0.0,2.0,1.0,4.0,2.0,0.0,2.0
coolidge,261,207,146,135,70,77,55,65,88,56,65,47,28,29,31,41,27,4,21,51,17,8.0,23,38,21,41,23,23,10,14.0,15,7.0,6,2,15,8.0,19.0,17.0,16,7,13,12.0,15.0,17.0,11.0,16.0,8.0,2.0,13.0,10.0,6.0,14.0,2.0,13.0,4.0,17.0,8.0,18,16.0,17.0,4.0,7.0,13.0,17.0,10.0,10.0,6.0,13.0,6.0,3.0,14.0,5.0,2.0,9,10.0,3.0,8.0,2.0,5.0,5.0,2.0,0.0,14.0,0.0,3.0,6.0,0.0,8.0,11.0,14.0,3.0,3.0,3.0,5.0,2.0,1.0,5.0,2.0,4.0,2.0,2.0,8.0,8.0,4.0,0.0,5.0,1.0,3.0,2.0,5.0,3.0,4.0,10.0,0.0,0.0,1.0,3.0,4.0,4.0,3.0,4.0,2.0,10.0,7.0,5.0,2.0,0.0,1.0,7.0,10.0,3.0,3.0,5.0,4.0,6.0,2.0,12.0,3.0,0.0,2.0,2.0,2.0,1.0,6.0,0.0,1.0,4.0,3.0,0.0,2.0,4.0,1.0,0.0,1.0,1.0,0.0,2.0,3.0,2.0,5.0,3.0,3.0,0.0,6.0,1.0,2.0,3.0,4.0,1.0,3.0,1.0,1.0,3.0,1.0,0.0,6.0,2.0,10.0,2.0,1.0,0.0,0.0,3.0,7.0,2.0,0.0,4.0,3.0,0.0,3.0,6.0,3.0,1.0,9.0,3.0,3.0,0.0,1.0,3.0,0.0
wilson,203,163,155,94,65,42,63,43,87,39,27,47,22,14,27,52,25,36,12,25,14,15.0,21,25,20,15,16,16,7,9.0,7,26.0,3,3,23,13.0,12.0,15.0,7,5,6,21.0,9.0,4.0,11.0,18.0,5.0,2.0,7.0,11.0,9.0,13.0,15.0,8.0,8.0,1.0,11.0,4,6.0,1.0,3.0,5.0,6.0,5.0,2.0,21.0,8.0,3.0,1.0,5.0,6.0,0.0,7.0,4,1.0,4.0,2.0,3.0,3.0,0.0,4.0,2.0,2.0,5.0,3.0,2.0,0.0,1.0,3.0,6.0,4.0,1.0,6.0,5.0,2.0,5.0,4.0,4.0,2.0,6.0,11.0,2.0,10.0,6.0,5.0,14.0,3.0,10.0,0.0,2.0,6.0,1.0,1.0,3.0,6.0,2.0,6.0,1.0,6.0,2.0,7.0,2.0,4.0,1.0,2.0,2.0,3.0,0.0,6.0,8.0,0.0,0.0,5.0,0.0,2.0,0.0,2.0,2.0,1.0,2.0,3.0,3.0,1.0,1.0,0.0,6.0,6.0,8.0,1.0,0.0,1.0,1.0,0.0,1.0,0.0,3.0,0.0,0.0,5.0,3.0,4.0,1.0,0.0,0.0,3.0,1.0,2.0,0.0,2.0,3.0,10.0,1.0,1.0,3.0,0.0,0.0,2.0,6.0,3.0,2.0,5.0,1.0,3.0,1.0,0.0,3.0,5.0,1.0,2.0,5.0,3.0,0.0,0.0,1.0,0.0,0.0,1.0,0.0,5.0,4.0
madison,204,134,87,103,55,44,31,18,6,16,21,23,10,24,30,23,19,19,9,21,12,15.0,9,11,16,5,10,15,15,3.0,4,9.0,27,14,19,3.0,6.0,9.0,4,11,13,2.0,1.0,0.0,6.0,0.0,3.0,8.0,5.0,2.0,15.0,9.0,0.0,3.0,7.0,9.0,6.0,8,5.0,3.0,7.0,9.0,4.0,2.0,1.0,5.0,0.0,1.0,2.0,1.0,2.0,8.0,4.0,7,4.0,1.0,3.0,1.0,3.0,1.0,8.0,0.0,9.0,10.0,3.0,1.0,2.0,0.0,4.0,2.0,16.0,1.0,4.0,3.0,3.0,1.0,4.0,2.0,0.0,0.0,0.0,6.0,5.0,6.0,6.0,2.0,0.0,4.0,0.0,3.0,7.0,4.0,1.0,3.0,0.0,3.0,4.0,3.0,1.0,2.0,1.0,1.0,2.0,2.0,0.0,2.0,4.0,1.0,2.0,2.0,1.0,1.0,1.0,1.0,3.0,3.0,0.0,1.0,0.0,3.0,5.0,0.0,0.0,2.0,0.0,3.0,2.0,1.0,0.0,1.0,2.0,1.0,3.0,0.0,3.0,0.0,0.0,1.0,5.0,2.0,1.0,2.0,2.0,4.0,4.0,5.0,0.0,0.0,0.0,0.0,1.0,1.0,2.0,0.0,0.0,2.0,2.0,0.0,1.0,2.0,0.0,1.0,1.0,2.0,0.0,0.0,1.0,3.0,0.0,2.0,1.0,0.0,0.0,0.0,2.0,0.0,0.0,2.0,0.0,1.0
adams john quincy,304,245,116,100,62,28,36,36,8,14,23,18,16,38,27,36,26,8,13,3,25,15.0,19,16,11,7,27,18,10,17.0,7,9.0,2,13,30,4.0,1.0,5.0,2,2,3,16.0,5.0,0.0,13.0,9.0,3.0,3.0,10.0,4.0,0.0,7.0,4.0,1.0,5.0,9.0,8.0,4,3.0,2.0,9.0,10.0,9.0,4.0,4.0,5.0,1.0,1.0,3.0,4.0,1.0,9.0,3.0,7,1.0,5.0,2.0,6.0,0.0,8.0,2.0,4.0,6.0,6.0,0.0,5.0,20.0,0.0,8.0,1.0,5.0,0.0,6.0,6.0,0.0,0.0,2.0,0.0,0.0,6.0,3.0,10.0,4.0,1.0,1.0,1.0,2.0,1.0,1.0,0.0,3.0,0.0,1.0,2.0,3.0,5.0,0.0,3.0,0.0,2.0,3.0,1.0,1.0,0.0,2.0,6.0,5.0,0.0,3.0,2.0,3.0,5.0,1.0,4.0,5.0,6.0,1.0,0.0,0.0,6.0,0.0,8.0,1.0,5.0,3.0,1.0,3.0,1.0,0.0,3.0,4.0,4.0,1.0,0.0,6.0,6.0,3.0,3.0,1.0,5.0,1.0,1.0,2.0,1.0,0.0,3.0,2.0,1.0,0.0,2.0,0.0,1.0,1.0,0.0,1.0,0.0,3.0,4.0,0.0,2.0,0.0,2.0,1.0,4.0,2.0,1.0,0.0,0.0,6.0,1.0,0.0,0.0,0.0,0.0,8.0,1.0,0.0,0.0,0.0,1.0
bush george h w,121,61,105,63,38,73,44,31,57,19,50,13,28,10,7,21,12,12,23,15,19,24.0,7,33,3,25,8,5,4,5.0,7,4.0,16,13,5,13.0,7.0,6.0,11,6,3,0.0,13.0,9.0,5.0,10.0,2.0,1.0,3.0,0.0,3.0,3.0,0.0,10.0,1.0,3.0,10.0,4,6.0,1.0,2.0,1.0,3.0,16.0,2.0,1.0,14.0,6.0,3.0,3.0,9.0,1.0,1.0,2,1.0,7.0,10.0,3.0,2.0,0.0,3.0,16.0,0.0,0.0,9.0,6.0,1.0,7.0,1.0,12.0,3.0,2.0,0.0,5.0,2.0,2.0,5.0,8.0,6.0,2.0,3.0,0.0,2.0,0.0,0.0,4.0,0.0,3.0,3.0,1.0,3.0,3.0,0.0,3.0,5.0,5.0,1.0,1.0,5.0,1.0,1.0,7.0,3.0,3.0,5.0,0.0,1.0,6.0,5.0,1.0,0.0,1.0,1.0,1.0,0.0,1.0,3.0,6.0,7.0,0.0,2.0,4.0,1.0,0.0,2.0,6.0,0.0,4.0,3.0,1.0,0.0,3.0,1.0,6.0,0.0,1.0,0.0,0.0,5.0,0.0,1.0,2.0,0.0,0.0,3.0,0.0,4.0,2.0,2.0,1.0,1.0,0.0,1.0,7.0,2.0,0.0,0.0,0.0,3.0,1.0,0.0,1.0,4.0,1.0,1.0,2.0,1.0,4.0,0.0,2.0,2.0,5.0,0.0,6.0,0.0,0.0,3.0,0.0,2.0,0.0
hayes,238,166,101,88,63,39,14,38,8,32,26,22,22,26,25,12,19,26,11,16,13,17.0,20,9,13,10,9,9,6,15.0,9,8.0,3,16,5,5.0,3.0,6.0,2,3,8,15.0,3.0,6.0,6.0,9.0,6.0,11.0,9.0,9.0,3.0,0.0,4.0,2.0,6.0,20.0,5.0,2,2.0,4.0,2.0,5.0,5.0,2.0,5.0,1.0,2.0,5.0,2.0,2.0,0.0,11.0,6.0,4,5.0,3.0,4.0,5.0,0.0,6.0,7.0,1.0,2.0,5.0,3.0,0.0,2.0,0.0,0.0,1.0,0.0,1.0,3.0,4.0,3.0,1.0,2.0,3.0,2.0,2.0,2.0,5.0,2.0,1.0,1.0,0.0,3.0,0.0,1.0,1.0,2.0,2.0,4.0,2.0,0.0,1.0,3.0,6.0,1.0,0.0,1.0,1.0,0.0,0.0,1.0,7.0,0.0,2.0,1.0,1.0,1.0,1.0,1.0,6.0,10.0,3.0,0.0,0.0,0.0,1.0,1.0,2.0,4.0,2.0,1.0,2.0,6.0,2.0,3.0,1.0,1.0,0.0,1.0,2.0,3.0,3.0,1.0,4.0,0.0,2.0,2.0,1.0,4.0,2.0,3.0,1.0,0.0,1.0,0.0,1.0,4.0,1.0,1.0,0.0,1.0,0.0,3.0,8.0,2.0,3.0,1.0,1.0,3.0,1.0,0.0,0.0,1.0,0.0,1.0,0.0,1.0,0.0,1.0,0.0,4.0,4.0,0.0,1.0,2.0,1.0
van buren,252,198,150,138,75,59,60,59,29,33,16,42,27,17,20,33,38,30,18,24,16,39.0,30,11,17,19,34,14,23,15.0,19,17.0,23,31,21,12.0,7.0,22.0,7,13,16,13.0,10.0,5.0,14.0,6.0,11.0,8.0,14.0,2.0,6.0,7.0,5.0,2.0,20.0,13.0,1.0,12,8.0,3.0,19.0,8.0,2.0,2.0,6.0,3.0,4.0,8.0,6.0,8.0,2.0,4.0,5.0,6,7.0,6.0,2.0,11.0,7.0,3.0,3.0,0.0,1.0,13.0,2.0,0.0,2.0,1.0,5.0,2.0,2.0,1.0,3.0,4.0,0.0,0.0,14.0,2.0,3.0,3.0,3.0,3.0,2.0,5.0,7.0,1.0,0.0,0.0,1.0,8.0,2.0,4.0,3.0,6.0,0.0,2.0,4.0,0.0,2.0,0.0,4.0,1.0,2.0,0.0,3.0,4.0,1.0,2.0,2.0,2.0,3.0,3.0,2.0,0.0,5.0,6.0,2.0,1.0,0.0,1.0,3.0,3.0,1.0,2.0,2.0,1.0,7.0,2.0,2.0,0.0,2.0,2.0,2.0,1.0,1.0,3.0,2.0,0.0,2.0,3.0,4.0,1.0,6.0,2.0,2.0,7.0,0.0,0.0,0.0,5.0,1.0,7.0,2.0,0.0,3.0,3.0,0.0,1.0,0.0,3.0,8.0,4.0,1.0,0.0,4.0,1.0,2.0,1.0,3.0,3.0,2.0,1.0,2.0,0.0,3.0,2.0,2.0,15.0,1.0,4.0
clinton,222,142,160,114,65,76,120,39,94,17,45,18,47,16,2,29,31,11,34,27,25,9.0,29,28,8,26,9,11,19,14.0,23,7.0,12,13,6,40.0,12.0,13.0,14,13,11,3.0,17.0,28.0,14.0,8.0,4.0,0.0,12.0,1.0,8.0,11.0,3.0,28.0,14.0,1.0,18.0,4,1.0,1.0,4.0,4.0,1.0,7.0,11.0,9.0,38.0,6.0,4.0,7.0,12.0,1.0,11.0,2,1.0,19.0,12.0,4.0,3.0,0.0,0.0,8.0,2.0,1.0,4.0,5.0,4.0,26.0,4.0,10.0,3.0,13.0,0.0,4.0,10.0,18.0,1.0,2.0,7.0,3.0,1.0,2.0,1.0,0.0,5.0,5.0,0.0,1.0,5.0,3.0,4.0,3.0,1.0,3.0,4.0,8.0,4.0,1.0,1.0,3.0,0.0,14.0,6.0,1.0,3.0,3.0,1.0,2.0,1.0,0.0,1.0,0.0,1.0,2.0,3.0,1.0,3.0,3.0,15.0,0.0,3.0,2.0,1.0,0.0,0.0,2.0,0.0,6.0,4.0,2.0,5.0,4.0,2.0,3.0,0.0,1.0,2.0,0.0,4.0,3.0,0.0,4.0,0.0,0.0,1.0,1.0,1.0,3.0,2.0,1.0,0.0,0.0,6.0,3.0,2.0,2.0,4.0,1.0,5.0,5.0,3.0,1.0,5.0,2.0,4.0,7.0,4.0,3.0,1.0,0.0,4.0,7.0,0.0,5.0,0.0,3.0,3.0,0.0,5.0,0.0
nixon,221,164,88,131,119,65,79,75,113,38,37,16,50,28,15,36,18,57,37,27,26,34.0,15,23,10,32,23,16,22,15.0,18,9.0,16,9,11,46.0,13.0,7.0,32,19,9,0.0,15.0,3.0,20.0,14.0,2.0,3.0,17.0,1.0,4.0,20.0,11.0,28.0,7.0,4.0,12.0,8,5.0,5.0,2.0,6.0,32.0,3.0,10.0,14.0,23.0,10.0,8.0,2.0,21.0,0.0,10.0,10,2.0,11.0,5.0,9.0,5.0,2.0,3.0,3.0,0.0,4.0,2.0,6.0,0.0,16.0,4.0,20.0,6.0,5.0,2.0,3.0,2.0,33.0,1.0,2.0,16.0,11.0,1.0,1.0,2.0,2.0,7.0,5.0,2.0,1.0,0.0,0.0,3.0,5.0,2.0,7.0,3.0,13.0,2.0,3.0,6.0,0.0,0.0,4.0,3.0,7.0,5.0,0.0,0.0,5.0,1.0,1.0,2.0,0.0,1.0,2.0,0.0,0.0,1.0,10.0,10.0,1.0,6.0,5.0,3.0,0.0,0.0,3.0,0.0,5.0,10.0,3.0,2.0,4.0,6.0,5.0,0.0,1.0,1.0,1.0,4.0,0.0,3.0,4.0,0.0,1.0,0.0,2.0,7.0,5.0,8.0,1.0,2.0,0.0,1.0,2.0,0.0,0.0,0.0,0.0,4.0,0.0,0.0,3.0,5.0,2.0,4.0,14.0,5.0,5.0,3.0,3.0,1.0,10.0,2.0,5.0,0.0,2.0,1.0,0.0,9.0,0.0
jefferson,273,205,174,144,58,39,48,61,23,37,36,34,17,38,48,34,47,23,25,23,19,39.0,32,14,34,16,9,21,24,15.0,1,14.0,28,16,9,17.0,8.0,24.0,6,9,8,1.0,18.0,5.0,9.0,2.0,18.0,4.0,13.0,13.0,36.0,5.0,13.0,4.0,6.0,7.0,4.0,14,7.0,5.0,4.0,7.0,9.0,2.0,6.0,11.0,1.0,3.0,2.0,7.0,4.0,18.0,4.0,6,1.0,6.0,4.0,9.0,10.0,8.0,1.0,11.0,6.0,12.0,4.0,6.0,5.0,0.0,3.0,9.0,4.0,1.0,0.0,3.0,2.0,9.0,0.0,8.0,2.0,2.0,4.0,5.0,5.0,4.0,2.0,3.0,3.0,8.0,0.0,1.0,2.0,5.0,7.0,3.0,11.0,1.0,3.0,5.0,5.0,6.0,4.0,1.0,3.0,2.0,1.0,4.0,8.0,4.0,6.0,4.0,8.0,10.0,1.0,0.0,4.0,4.0,2.0,3.0,0.0,2.0,1.0,6.0,1.0,0.0,2.0,0.0,6.0,0.0,4.0,5.0,2.0,3.0,1.0,0.0,6.0,3.0,3.0,3.0,6.0,2.0,0.0,4.0,14.0,5.0,1.0,5.0,8.0,2.0,0.0,0.0,0.0,3.0,3.0,2.0,7.0,2.0,1.0,0.0,0.0,2.0,4.0,1.0,4.0,1.0,2.0,0.0,2.0,9.0,6.0,2.0,0.0,2.0,2.0,1.0,3.0,1.0,2.0,0.0,0.0,4.0
jackson,193,147,102,99,47,31,37,32,6,27,15,24,18,21,26,15,20,15,22,4,10,18.0,16,9,25,6,7,11,11,19.0,13,9.0,10,28,8,6.0,3.0,9.0,8,8,2,5.0,1.0,6.0,6.0,4.0,8.0,10.0,8.0,4.0,2.0,3.0,9.0,2.0,1.0,5.0,1.0,5,0.0,6.0,1.0,0.0,5.0,1.0,0.0,3.0,0.0,4.0,4.0,7.0,1.0,11.0,4.0,3,1.0,3.0,0.0,2.0,4.0,4.0,5.0,3.0,3.0,11.0,2.0,1.0,10.0,0.0,3.0,0.0,1.0,2.0,4.0,1.0,0.0,3.0,0.0,5.0,3.0,1.0,1.0,6.0,1.0,4.0,2.0,1.0,3.0,0.0,2.0,3.0,3.0,4.0,0.0,5.0,1.0,1.0,1.0,2.0,0.0,5.0,2.0,0.0,0.0,2.0,2.0,4.0,0.0,2.0,3.0,1.0,2.0,2.0,1.0,2.0,3.0,4.0,0.0,0.0,0.0,6.0,4.0,1.0,1.0,4.0,2.0,0.0,2.0,0.0,0.0,3.0,0.0,0.0,0.0,1.0,5.0,0.0,3.0,1.0,3.0,0.0,3.0,2.0,4.0,4.0,1.0,4.0,0.0,0.0,0.0,1.0,0.0,4.0,0.0,1.0,0.0,0.0,3.0,0.0,0.0,0.0,0.0,1.0,0.0,0.0,1.0,1.0,0.0,0.0,1.0,1.0,0.0,0.0,0.0,0.0,5.0,1.0,0.0,1.0,0.0,1.0
lincoln,314,168,129,160,86,63,14,71,16,84,55,71,34,48,26,22,28,38,27,39,33,45.0,44,22,15,22,9,11,20,19.0,20,37.0,15,8,6,3.0,33.0,15.0,21,20,6,16.0,11.0,11.0,9.0,6.0,16.0,19.0,9.0,8.0,14.0,6.0,22.0,2.0,6.0,3.0,2.0,7,21.0,29.0,10.0,13.0,3.0,20.0,16.0,9.0,4.0,10.0,17.0,4.0,18.0,4.0,17.0,3,16.0,6.0,4.0,11.0,13.0,22.0,5.0,21.0,6.0,6.0,2.0,0.0,24.0,0.0,4.0,4.0,13.0,3.0,9.0,5.0,5.0,4.0,5.0,4.0,6.0,7.0,1.0,3.0,3.0,5.0,0.0,0.0,8.0,3.0,5.0,7.0,3.0,8.0,14.0,2.0,4.0,8.0,4.0,2.0,14.0,1.0,3.0,1.0,7.0,1.0,4.0,1.0,3.0,3.0,2.0,5.0,7.0,8.0,3.0,8.0,2.0,2.0,5.0,0.0,1.0,0.0,0.0,2.0,4.0,1.0,2.0,3.0,1.0,2.0,1.0,2.0,1.0,1.0,1.0,2.0,1.0,5.0,6.0,6.0,1.0,0.0,0.0,4.0,1.0,1.0,5.0,1.0,2.0,2.0,5.0,15.0,5.0,5.0,4.0,0.0,5.0,2.0,5.0,5.0,1.0,6.0,4.0,3.0,1.0,4.0,4.0,0.0,1.0,3.0,3.0,2.0,3.0,4.0,1.0,3.0,1.0,2.0,0.0,3.0,3.0,3.0
bush george w,195,174,190,83,81,74,100,46,83,14,61,31,29,35,6,29,16,12,45,41,28,19.0,17,33,14,17,11,12,10,5.0,7,10.0,23,5,2,14.0,11.0,7.0,13,6,10,2.0,10.0,12.0,12.0,7.0,3.0,5.0,6.0,2.0,4.0,7.0,0.0,11.0,16.0,17.0,16.0,7,6.0,2.0,5.0,4.0,2.0,6.0,10.0,11.0,6.0,3.0,5.0,7.0,12.0,6.0,6.0,8,0.0,11.0,13.0,6.0,2.0,1.0,7.0,18.0,3.0,1.0,8.0,30.0,2.0,20.0,4.0,2.0,1.0,6.0,2.0,0.0,14.0,0.0,2.0,7.0,6.0,5.0,2.0,6.0,10.0,3.0,3.0,7.0,2.0,0.0,1.0,6.0,1.0,5.0,2.0,5.0,15.0,1.0,2.0,6.0,1.0,16.0,6.0,10.0,2.0,14.0,8.0,3.0,2.0,3.0,2.0,7.0,1.0,0.0,6.0,0.0,0.0,0.0,2.0,11.0,5.0,0.0,6.0,2.0,1.0,1.0,0.0,0.0,3.0,1.0,10.0,0.0,6.0,3.0,2.0,9.0,2.0,2.0,3.0,0.0,0.0,6.0,0.0,4.0,0.0,1.0,1.0,2.0,1.0,4.0,5.0,1.0,4.0,1.0,1.0,8.0,1.0,3.0,4.0,1.0,3.0,3.0,7.0,0.0,1.0,3.0,2.0,2.0,5.0,4.0,2.0,0.0,3.0,0.0,4.0,2.0,0.0,0.0,2.0,3.0,3.0,3.0
eisenhower,283,237,160,124,104,57,96,55,116,37,37,31,44,25,10,14,25,29,11,16,50,4.0,56,28,29,10,12,12,13,1.0,18,19.0,1,8,4,12.0,19.0,11.0,15,14,10,16.0,12.0,18.0,9.0,8.0,19.0,1.0,7.0,0.0,6.0,10.0,13.0,28.0,4.0,7.0,7.0,10,1.0,9.0,0.0,3.0,22.0,6.0,7.0,16.0,5.0,10.0,7.0,8.0,5.0,0.0,4.0,21,9.0,9.0,5.0,4.0,4.0,1.0,4.0,6.0,1.0,2.0,27.0,21.0,0.0,6.0,3.0,1.0,5.0,3.0,0.0,1.0,3.0,0.0,0.0,6.0,5.0,1.0,12.0,1.0,6.0,2.0,2.0,9.0,5.0,1.0,0.0,5.0,0.0,8.0,6.0,2.0,2.0,5.0,0.0,1.0,2.0,1.0,2.0,8.0,1.0,4.0,10.0,0.0,3.0,0.0,4.0,2.0,4.0,0.0,0.0,2.0,4.0,0.0,3.0,11.0,3.0,0.0,5.0,2.0,4.0,0.0,1.0,0.0,6.0,2.0,6.0,2.0,3.0,5.0,3.0,1.0,0.0,5.0,2.0,0.0,3.0,8.0,0.0,2.0,0.0,0.0,3.0,2.0,2.0,13.0,5.0,0.0,6.0,0.0,5.0,4.0,2.0,0.0,3.0,0.0,4.0,1.0,3.0,4.0,2.0,6.0,2.0,0.0,3.0,6.0,2.0,1.0,0.0,0.0,1.0,1.0,1.0,0.0,12.0,1.0,4.0,0.0
washington,129,82,50,53,34,14,1,19,1,25,7,13,13,22,37,13,17,14,10,3,12,30.0,4,4,3,3,6,5,7,9.0,5,6.0,15,24,8,1.0,8.0,3.0,8,3,11,1.0,4.0,3.0,2.0,3.0,7.0,2.0,3.0,1.0,2.0,8.0,6.0,1.0,9.0,6.0,2.0,3,2.0,3.0,4.0,1.0,0.0,3.0,4.0,2.0,1.0,0.0,6.0,1.0,0.0,6.0,3.0,1,3.0,1.0,2.0,5.0,1.0,2.0,5.0,5.0,5.0,9.0,2.0,0.0,2.0,1.0,3.0,0.0,0.0,2.0,1.0,1.0,3.0,0.0,0.0,3.0,0.0,1.0,1.0,1.0,0.0,2.0,0.0,1.0,0.0,1.0,0.0,2.0,3.0,1.0,0.0,2.0,10.0,0.0,2.0,0.0,1.0,1.0,4.0,0.0,1.0,0.0,1.0,1.0,1.0,2.0,0.0,3.0,1.0,0.0,1.0,0.0,0.0,0.0,1.0,0.0,0.0,1.0,0.0,2.0,3.0,2.0,2.0,0.0,1.0,1.0,0.0,0.0,2.0,2.0,0.0,2.0,1.0,0.0,0.0,3.0,3.0,0.0,2.0,2.0,3.0,0.0,2.0,3.0,0.0,0.0,0.0,0.0,0.0,6.0,3.0,2.0,1.0,2.0,1.0,1.0,1.0,1.0,0.0,3.0,0.0,0.0,0.0,1.0,0.0,0.0,1.0,1.0,0.0,0.0,0.0,0.0,0.0,1.0,0.0,0.0,0.0,0.0
taft,486,314,220,219,140,109,40,51,30,79,62,56,42,43,46,28,37,58,34,30,28,32.0,18,29,25,8,29,23,20,26.0,7,24.0,27,19,14,3.0,4.0,12.0,15,15,23,16.0,10.0,19.0,11.0,8.0,18.0,12.0,17.0,21.0,13.0,8.0,12.0,2.0,8.0,8.0,2.0,4,15.0,10.0,10.0,13.0,4.0,7.0,8.0,2.0,4.0,7.0,5.0,4.0,5.0,1.0,5.0,5,21.0,6.0,10.0,7.0,4.0,2.0,6.0,0.0,7.0,2.0,3.0,2.0,0.0,4.0,10.0,4.0,6.0,7.0,5.0,11.0,4.0,0.0,2.0,3.0,12.0,4.0,6.0,3.0,3.0,6.0,0.0,2.0,7.0,5.0,14.0,4.0,6.0,4.0,13.0,4.0,0.0,1.0,6.0,3.0,7.0,1.0,3.0,7.0,6.0,2.0,10.0,5.0,11.0,7.0,2.0,3.0,9.0,4.0,3.0,4.0,5.0,4.0,5.0,0.0,1.0,2.0,2.0,1.0,13.0,12.0,9.0,4.0,1.0,7.0,0.0,5.0,0.0,3.0,5.0,1.0,5.0,1.0,3.0,8.0,2.0,0.0,2.0,0.0,2.0,2.0,0.0,0.0,2.0,1.0,1.0,2.0,2.0,3.0,1.0,1.0,3.0,10.0,0.0,2.0,6.0,1.0,1.0,4.0,3.0,6.0,1.0,0.0,3.0,1.0,1.0,0.0,3.0,3.0,2.0,1.0,3.0,5.0,0.0,1.0,4.0,6.0
polk,397,298,191,184,87,66,100,47,9,76,45,53,36,46,39,33,28,38,25,29,14,24.0,36,26,30,7,21,24,22,45.0,16,38.0,17,20,21,4.0,14.0,16.0,7,14,16,14.0,13.0,12.0,13.0,6.0,13.0,36.0,5.0,17.0,14.0,6.0,11.0,5.0,11.0,13.0,3.0,7,12.0,10.0,8.0,12.0,10.0,7.0,19.0,9.0,5.0,8.0,11.0,8.0,4.0,8.0,4.0,5,8.0,3.0,4.0,9.0,21.0,15.0,13.0,0.0,5.0,5.0,12.0,2.0,31.0,0.0,9.0,1.0,5.0,0.0,5.0,2.0,6.0,1.0,7.0,2.0,3.0,2.0,3.0,8.0,2.0,4.0,3.0,3.0,10.0,1.0,3.0,0.0,2.0,0.0,1.0,6.0,0.0,4.0,5.0,1.0,7.0,4.0,7.0,0.0,5.0,2.0,1.0,14.0,7.0,8.0,0.0,7.0,6.0,6.0,6.0,2.0,1.0,11.0,2.0,0.0,0.0,16.0,2.0,1.0,4.0,9.0,5.0,10.0,4.0,3.0,0.0,12.0,4.0,1.0,1.0,2.0,9.0,7.0,3.0,5.0,1.0,4.0,10.0,10.0,5.0,5.0,4.0,1.0,2.0,0.0,0.0,5.0,0.0,4.0,2.0,0.0,0.0,2.0,0.0,1.0,1.0,0.0,3.0,5.0,0.0,1.0,1.0,2.0,0.0,3.0,4.0,3.0,0.0,0.0,2.0,1.0,7.0,2.0,1.0,8.0,2.0,2.0
monroe,634,361,263,272,215,136,124,89,43,114,74,121,49,88,106,65,85,56,37,28,41,44.0,39,36,52,13,54,33,46,33.0,26,14.0,68,32,69,20.0,16.0,39.0,5,24,23,1.0,12.0,6.0,19.0,50.0,25.0,40.0,9.0,34.0,22.0,12.0,12.0,2.0,27.0,15.0,12.0,28,16.0,21.0,22.0,35.0,16.0,9.0,8.0,5.0,3.0,10.0,5.0,14.0,4.0,13.0,6.0,8,23.0,12.0,9.0,12.0,24.0,4.0,29.0,2.0,17.0,11.0,5.0,0.0,15.0,2.0,14.0,10.0,26.0,1.0,12.0,20.0,9.0,2.0,18.0,6.0,1.0,8.0,4.0,9.0,3.0,10.0,6.0,3.0,5.0,18.0,5.0,5.0,15.0,4.0,3.0,15.0,0.0,9.0,9.0,11.0,4.0,1.0,5.0,3.0,6.0,0.0,1.0,9.0,11.0,7.0,8.0,8.0,4.0,14.0,10.0,13.0,1.0,13.0,10.0,0.0,0.0,12.0,5.0,3.0,14.0,6.0,6.0,6.0,11.0,1.0,1.0,10.0,1.0,4.0,6.0,0.0,10.0,12.0,8.0,4.0,9.0,2.0,7.0,4.0,15.0,6.0,5.0,6.0,0.0,0.0,1.0,5.0,4.0,7.0,9.0,1.0,9.0,10.0,2.0,4.0,1.0,5.0,1.0,3.0,1.0,18.0,4.0,3.0,2.0,1.0,9.0,12.0,10.0,2.0,1.0,1.0,3.0,5.0,6.0,3.0,0.0,7.0
harding,200,159,151,104,63,47,68,17,80,24,47,31,52,11,16,22,25,12,29,18,10,21.0,17,16,9,18,13,15,9,10.0,7,11.0,9,3,8,9.0,42.0,0.0,11,10,15,6.0,2.0,23.0,5.0,6.0,10.0,1.0,0.0,2.0,6.0,2.0,8.0,23.0,4.0,5.0,4.0,5,5.0,6.0,3.0,2.0,7.0,17.0,7.0,8.0,11.0,2.0,6.0,0.0,10.0,2.0,1.0,6,6.0,1.0,6.0,1.0,10.0,0.0,1.0,2.0,3.0,2.0,1.0,5.0,1.0,15.0,3.0,3.0,13.0,8.0,6.0,5.0,1.0,4.0,1.0,5.0,5.0,0.0,1.0,0.0,5.0,2.0,4.0,4.0,2.0,3.0,1.0,12.0,5.0,4.0,4.0,1.0,1.0,1.0,2.0,4.0,1.0,2.0,2.0,2.0,4.0,4.0,4.0,0.0,3.0,4.0,3.0,0.0,3.0,1.0,0.0,3.0,3.0,0.0,1.0,5.0,7.0,0.0,2.0,0.0,0.0,4.0,1.0,3.0,0.0,3.0,0.0,3.0,5.0,2.0,5.0,0.0,1.0,0.0,2.0,5.0,2.0,5.0,2.0,0.0,0.0,0.0,5.0,4.0,2.0,0.0,4.0,4.0,2.0,1.0,2.0,0.0,2.0,0.0,5.0,1.0,7.0,1.0,2.0,0.0,1.0,2.0,3.0,0.0,3.0,1.0,1.0,2.0,0.0,2.0,1.0,4.0,0.0,1.0,2.0,0.0,2.0,2.0
mckinley,543,338,267,177,123,78,85,47,50,92,60,82,48,49,40,26,40,52,57,49,27,31.0,26,37,32,32,42,45,18,36.0,36,28.0,17,21,24,15.0,17.0,17.0,14,20,10,43.0,17.0,27.0,15.0,21.0,14.0,21.0,7.0,27.0,16.0,19.0,19.0,8.0,15.0,17.0,5.0,9,10.0,8.0,19.0,7.0,12.0,9.0,6.0,8.0,8.0,8.0,21.0,6.0,8.0,19.0,20.0,5,17.0,7.0,6.0,2.0,8.0,5.0,21.0,1.0,14.0,7.0,13.0,5.0,0.0,0.0,11.0,0.0,13.0,16.0,9.0,6.0,6.0,2.0,6.0,4.0,7.0,14.0,3.0,3.0,4.0,10.0,6.0,4.0,10.0,2.0,27.0,1.0,4.0,3.0,10.0,3.0,0.0,1.0,5.0,9.0,4.0,6.0,8.0,3.0,6.0,3.0,1.0,7.0,9.0,0.0,1.0,4.0,5.0,0.0,2.0,12.0,3.0,7.0,2.0,0.0,2.0,5.0,5.0,1.0,6.0,11.0,11.0,7.0,4.0,1.0,2.0,1.0,0.0,4.0,3.0,7.0,6.0,0.0,1.0,3.0,6.0,0.0,5.0,0.0,4.0,6.0,7.0,3.0,0.0,3.0,4.0,11.0,8.0,6.0,4.0,2.0,4.0,3.0,2.0,5.0,4.0,4.0,2.0,5.0,2.0,5.0,5.0,1.0,6.0,2.0,0.0,4.0,6.0,4.0,3.0,3.0,3.0,3.0,0.0,6.0,3.0,1.0
hoover,325,262,132,106,93,50,78,40,41,34,51,28,47,32,30,31,24,26,11,20,18,21.0,16,35,20,20,8,23,23,27.0,17,15.0,6,6,5,4.0,18.0,16.0,16,8,9,18.0,6.0,16.0,5.0,4.0,6.0,6.0,5.0,19.0,10.0,20.0,4.0,15.0,3.0,8.0,12.0,19,7.0,2.0,5.0,11.0,15.0,6.0,4.0,9.0,7.0,13.0,4.0,4.0,5.0,12.0,0.0,6,6.0,1.0,2.0,1.0,6.0,3.0,3.0,4.0,5.0,2.0,1.0,6.0,0.0,6.0,5.0,5.0,2.0,7.0,5.0,1.0,11.0,0.0,3.0,2.0,2.0,3.0,5.0,0.0,14.0,2.0,2.0,3.0,12.0,2.0,3.0,0.0,4.0,4.0,10.0,2.0,3.0,2.0,1.0,0.0,1.0,2.0,3.0,1.0,2.0,4.0,5.0,0.0,0.0,0.0,9.0,5.0,4.0,3.0,8.0,5.0,4.0,1.0,3.0,3.0,2.0,1.0,2.0,3.0,3.0,1.0,1.0,6.0,0.0,2.0,2.0,4.0,5.0,1.0,16.0,1.0,0.0,10.0,0.0,5.0,0.0,2.0,10.0,0.0,0.0,5.0,0.0,3.0,2.0,4.0,2.0,2.0,6.0,1.0,0.0,0.0,0.0,0.0,7.0,5.0,3.0,2.0,3.0,2.0,0.0,2.0,3.0,0.0,0.0,0.0,1.0,3.0,0.0,1.0,3.0,2.0,1.0,4.0,2.0,4.0,2.0,1.0
reagan,254,187,206,151,93,105,112,64,111,39,61,50,62,22,9,29,35,35,49,37,40,30.0,24,34,14,18,22,10,13,29.0,25,14.0,35,13,14,51.0,19.0,16.0,13,21,13,8.0,25.0,22.0,13.0,9.0,2.0,7.0,17.0,6.0,6.0,9.0,3.0,21.0,8.0,4.0,10.0,7,14.0,3.0,11.0,8.0,10.0,20.0,20.0,3.0,12.0,6.0,11.0,3.0,20.0,1.0,16.0,2,1.0,18.0,21.0,9.0,7.0,1.0,4.0,17.0,7.0,7.0,5.0,21.0,5.0,13.0,5.0,4.0,2.0,8.0,11.0,7.0,9.0,13.0,17.0,2.0,6.0,9.0,5.0,1.0,2.0,0.0,2.0,4.0,0.0,8.0,2.0,6.0,4.0,4.0,1.0,4.0,9.0,5.0,7.0,6.0,5.0,4.0,0.0,10.0,0.0,4.0,4.0,0.0,2.0,6.0,2.0,2.0,6.0,1.0,5.0,3.0,5.0,0.0,8.0,3.0,9.0,1.0,3.0,4.0,4.0,0.0,0.0,2.0,1.0,7.0,13.0,2.0,10.0,6.0,8.0,9.0,0.0,1.0,5.0,1.0,3.0,1.0,7.0,5.0,0.0,4.0,2.0,1.0,10.0,6.0,10.0,0.0,1.0,3.0,2.0,8.0,8.0,0.0,0.0,1.0,4.0,2.0,6.0,1.0,7.0,0.0,4.0,8.0,5.0,3.0,3.0,1.0,3.0,4.0,12.0,2.0,1.0,0.0,6.0,0.0,5.0,2.0
